Molecules,139000000,167000000,174000000,177000000,178000000,609000000,630000000,639000000,646000000,690000000,710000000,711000000,715000000,716000000,725000000,902000000,928000000,929000000,932000000,962000000,991000000,1003000000,1004000000,1005000000,1025000000,1029000000,1054000000,1066000000,1084000000,1088000000,1110000000,1116000000,1168000000,1169000000,1170000000,1171000000,1204000000,1369000000,1370000000,1383000000,1386000000,1394000000,1397000000,1398000000,1402000000,1417000000,1420000000,1424000000,1428000000,1431000000
749826,2,8.54985769,0.0235936913,-0.293546101,0.550851237,3,0,0,0,15,0.0,0.0,0.8,0.848976831,2,7.55982239,3.19298246,3.02731092,3.02511416,0.202776426,-4.0668146,0.000871955805,-0.000478628067,0.000114832267,0.00494576649,-0.0364416181,-0.0428085747,-0.0508970386,0.0778662247,-0.573737404,-0.0246367468,1.20471002,2.47606533,1.05316657,1.4426373,0.546125688,4.04050268,4,0,0,0,0,0,1,0,0,0,0,0,0
887464,3,3.56978687,0.0278699967,-0.274789013,0.520071337,4,1,0,0,14,0.5,1.0,1.0,0.872436271,2,7.77181105,3.72327044,3.92239859,3.17647059,-0.018146102,2.08333333,-0.00083430311,-0.000155250349,-4.22807335e-05,-0.000625727657,0.00176414426,0.0393081761,-0.0112122257,-0.00928996187,0.0261916391,0.025728988,1.68682782,1.01930139,1.5262013,1.40878533,0.735111317,3.96554631,4,0,0,0,0,0,1,0,0,0,0,0,0
976363,1,3.25400039,0.0346578641,-0.345995086,0.605762517,3,0,0,1,20,0.0,0.5,1.0,0.798305087,3,8.29174965,4.07692667,4.0184351,3.42030272,-0.137119355,12.2602948,0.00354615637,0.000430608692,-0.0018859799,-0.00334437451,-0.0124856672,0.185762043,0.0229343481,-0.0319057652,-0.119114879,0.144803124,1.38942334,1.19397677,1.17477644,1.48443436,1.44387454,3.99500901,6,0,0,0,0,0,2,0,0,0,0,0,0
3236240,2,4.33800474,0.0463387066,-0.377957602,0.679689683,7,0,1,1,21,0.0,0.0,0.857142857,0.844169917,2,8.18676375,3.50549383,4.12872448,2.94737654,0.207479209,10.8367944,0.00403106547,-0.00325012776,-0.000188464903,0.00461064909,-0.0138992057,0.108367944,-0.186113373,0.0411448259,-0.124034683,0.0451511131,1.50930487,1.60414227,0.860791176,0.712932757,0.726652517,4.06450411,3,2,1,0,1,0,2,2,1,0,2,1,0
3238191,0,8.41847364,0.0486147361,-0.273061893,0.525156376,2,0,0,1,13,0.0,0.333333333,0.833333333,0.852194046,3,8.16772646,3.12482853,3.87583591,3.94285145,0.196856623,6.90117585,0.00415346163,0.000365552585,-0.00347041183,0.00635021365,-0.013086159,0.127799553,0.0275991584,0.0804553926,-0.165797895,0.0896667388,1.32479627,1.12886578,1.71283563,2.02322626,1.17141488,3.94771384,4,0,0,0,0,0,3,0,0,0,0,0,0
658778,2,1.02779579,0.0252981508,-0.312070287,0.605273031,5,0,0,1,25,0.0,0.333333333,1.0,0.87906121,3,8.17568949,3.70474407,4.16064257,3.28300654,-0.202937376,-12.3883638,0.00326197754,6.70001051e-05,-0.00211482244,-0.004227862,-0.024156701,-0.139195099,0.00369349006,-0.0405479654,-0.231678582,-0.0827092499,1.60499565,1.33688248,0.647519407,0.711307241,1.23118175,3.96837399,6,0,0,0,0,0,1,0,0,0,0,0,0
2084089,3,2.38817661,0.0401432699,-0.29006264,0.548756725,6,1,0,0,16,0.687786244,0.626119207,1.0,0.868347075,3,7.96117264,3.83202921,3.99839963,3.14605735,0.0124753477,9.19555892,0.000454955275,-0.000299663883,-0.00212297048,0.00031988071,-0.0208395768,0.129514914,-0.018299328,0.00484066809,-0.315359667,0.0750579685,1.40552517,1.45775887,0.523617757,1.0085271,0.85080167,3.98151201,5,0,0,0,0,0,2,0,0,0,0,0,0
649991,0,5.40235984,0.0625912179,-0.274788826,0.526724954,4,1,0,0,13,0.5,1.0,1.0,0.7265239,2,8.53051814,4.11529271,6.13249559,2.28571429,-0.229517612,-4.3756284,0.000558578585,-0.00443999395,0.00837720119,-0.0114758806,-0.0300638183,-0.141149303,-0.216824035,-0.135741715,-0.355607941,-0.0685213088,1.62235795,1.70524851,0.415481576,0.624153457,0.0,3.93955418,2,0,0,0,0,0,2,0,0,0,0,0,0
658532,2,1.58668701,0.0620410226,-0.298814829,0.593695982,5,0,0,0,20,0.0,1.0,1.0,0.824199306,2,8.29166846,4.18159204,4.92592593,4.18579235,0.222635121,5.27155421,-0.00191751434,-0.000400117323,0.00157475345,0.00618430892,-0.000175757093,0.0786799136,-0.0246288587,0.0663171788,-0.00188472386,0.0380892606,1.3956041,1.49867562,1.30170186,1.01493974,0.738905588,4.07433428,2,2,0,0,0,0,1,0,0,0,0,0,0
976329,0,4.53294863,0.0346578642,-0.31363715,0.579971537,3,0,0,1,17,0.0,0.5,0.8,0.854232093,3,8.53314377,3.78046162,4.50645995,3.07158988,-0.0318479184,5.52948983,0.0018870324,-0.00019056995,-0.000394807186,-0.00106159728,-0.0300928423,0.120206301,-0.0114082172,-0.012482578,-0.353840632,0.0808820309,1.43589136,1.39798158,1.41571191,1.08353149,0.862185522,3.98713823,4,0,0,0,0,0,3,0,0,0,0,0,0
1245419,2,12.6649247,0.0269278335,-0.272434993,0.530431681,2,0,0,0,12,0.0,0.0,1.0,0.771401972,2,7.6865018,2.63912271,2.84855618,2.35675381,0.191500681,16.2374487,-0.000376703886,-0.00127082791,-0.000163776024,0.00638335604,-0.0115432495,0.246021951,-0.147257167,0.115016241,-0.207987954,0.18520602,1.17354279,1.73142466,1.85538265,1.10634544,0.265497426,3.9882272,3,0,0,0,0,0,2,0,0,0,0,0,0
3245970,2,4.25760774,0.0289704362,-0.315527587,0.571689637,3,0,0,1,21,0.0,0.793700526,1.0,0.834385569,4,8.02231737,3.3567838,3.18635349,3.37290123,0.128330325,0.251880513,0.00215686531,-0.00274043512,0.0014672389,0.00233327864,0.00979287895,0.00237623125,-0.186393199,0.0226263804,0.0949639705,0.00234319837,1.34714878,0.863841114,1.57944349,1.64028382,1.07121367,4.00035521,11,0,0,0,0,0,3,0,0,0,0,0,0
650772,0,1.67509997,0.025298154,-0.31243098,0.618880507,7,0,0,2,23,0.0,0.0,0.666666667,0.752912389,3,8.77463154,4.85137085,6.79131054,4.55782313,-0.54287688,-2.08694444,0.000876039225,0.00230822673,0.000668164296,-0.01292564,-0.0145535284,-0.0271031746,0.0880104873,-0.0882981898,-0.0994186911,-0.0089935873,1.50278462,1.69138539,0.974938404,1.06188782,1.31675095,3.97131218,4,0,0,0,0,0,3,0,0,0,0,0,0
2201551,1,5.25132722,0.0230194019,-0.280193068,0.539424032,5,0,0,0,20,0.0,0.784136938,1.0,0.987399427,2,7.92233946,3.45445736,3.89905149,2.77777778,0.255288889,0.0833333333,0.00214423421,-0.00344992066,0.00178798744,0.00622655827,-0.0289271304,0.000968992248,-0.302010732,0.086800139,-0.403253103,0.0005530346,1.4350098,1.865076,1.09710444,0.728188516,0.409882254,4.0718501,2,2,0,0,0,0,1,0,0,0,0,0,0
3246790,1,11.9434533,0.0278982149,-0.271777889,0.538245434,3,0,0,0,14,0.0,0.5,1.0,0.873524834,2,7.80231676,3.41199747,3.29987907,3.86518519,0.0567019584,2.30749454,0.00481252776,-6.81709949e-05,-0.00753077279,0.00226807834,0.0048710716,0.0591665265,-0.00479853071,0.0332079807,0.0713196051,0.0364051814,1.38548903,1.17529864,1.07414145,2.30246238,0.795878783,3.96977,2,1,0,0,0,0,3,0,0,0,0,0,0
296003,1,5.91099184,0.0620429982,-0.313169263,0.614968878,3,0,0,2,16,0.0,0.0,1.0,0.87797567,2,8.38251958,3.97592593,4.80994152,3.18181818,-0.189544605,3.62660155,0.00182767069,-0.00230897443,-0.00133328541,-0.0075817842,-0.0290167569,0.0805911457,-0.108884257,-0.0658175032,-0.251894599,0.0487138252,1.46481738,1.70344205,1.67542436,1.26256903,0.27633392,3.96493943,2,2,1,0,1,0,2,1,1,0,1,1,0
3236902,2,3.06835429,0.0289704362,-0.348631553,0.604793612,3,0,0,1,21,0.0,0.793700526,0.888888889,0.914771252,4,7.89207788,3.35935936,3.21346154,3.36998133,0.374353633,-0.702460672,-0.000418650637,-0.00115013976,0.00152743432,0.00634497682,0.0186405004,-0.00632847452,-0.0880959678,0.0769665373,0.226115052,-0.00645710647,1.25831326,0.788928014,1.49192109,1.55883124,1.17269534,3.99551867,9,0,0,0,0,0,2,0,0,0,0,0,0
3240114,0,3.18711411,0.0532129516,-0.348654939,0.654997373,5,1,0,0,24,0.5,0.0,1.0,0.701514467,3,8.49028729,4.50737311,5.56048977,5.17707365,0.0110916122,-1.18701588,0.00280734032,4.55454911e-05,0.000474495349,0.000277290305,-0.0249726036,-0.0164863316,0.00224015206,0.0022737064,-0.204768676,-0.00610780957,1.5893071,1.67932861,0.616004601,0.857269434,1.4640116,4.12140921,5,0,0,0,0,0,2,0,0,0,0,0,0
